price,old_price,rating,review_count,sales_last_month,discount_rate,clean_title,brand_extracted,category
355.0,355.0,4.3,102,287,0.0,golden rose longstay liquid matte lipstick no 42 bulasmayan kalc likit mat ruj,Golden Rose,Makyaj
284.9,284.9,3.9,32,50,0.0,note cosmetics 3 in 1 healthy skin tinted moisturizer renk ton esitleyici 50 spf aydnlatc krem,Note Cosmetics,Cilt Bakımı
350.95,350.95,4.0,28,425,0.0,note cosmetics collagen concealer 01 kolajen icerikli spf 20 goz alt kapatcs,Note Cosmetics,Makyaj
254.9,254.9,4.4,74,80,0.0,note cosmetics mineral concealer 202 spf 15 goz alt kapatcs,Note Cosmetics,Makyaj
499.0,499.0,4.3,13,500,0.0,l oreal paris telescopic maskara siyah,Lore,Makyaj
130.9,130.9,4.7,937,600,0.0,blistex medplus stick kuru ve catlams dudaklara onarc ve ferahlatc dudak bakm kremi spf 15,Blistex,Cilt Bakımı
689.9,344.95,4.3,420,900,-100.0,cream co su bazl moisturizer nemlendirici aydnlatc yuz kremi hyaluronik asit 50 ml tum cilt tipleri,Cream Co,Cilt Bakımı
134.5,134.5,4.5,1,600,0.0,the purest solutions gozenek ve siyah nokta gorunumunu azaltmaya yardmc arndrc tonik 5 glikolik asit aha bha 200 ml,The Purest,Cilt Bakımı
119.93,119.93,4.5,676,300,0.0,l oreal paris elseve mucizevi yag sac guzellestirici krem 150 ml kuru ve sert saclar icin,L'Oreal Paris,Other
427.46,427.46,4.5,382,50,0.0,l oreal paris lumi blush likit allk 630 glowy true rose,L'Oreal Paris,Makyaj
809.47,239.39,4.4,363,300,-238.14,the purest solutions retinol icerikli gece bakm serumu krsklk karst bakm 30 ml 1 retinol seramid,The Purest,Cilt Bakımı
449.0,449.0,4.5,34,400,0.0,maybelline new york lash sensational sky high maskara,Maybelline,Makyaj
359.9,359.9,4.6,68,100,0.0,l oreal paris elseve glycolic gloss parlaklg saca muhurleyen laminasyon 5 dakikada durulanan bakm 200 ml,L'Oreal Paris,Makyaj
589.0,589.0,4.3,8,100,0.0,l oreal paris panorama hacim veren maskara siyah,L'Oreal Paris,Makyaj
1613.1,119.0,4.7,736,50,-1255.55,nivea bogurtlen dudak bakm kremi 4 8 gr 24 saat nemlendirme bogurtlen kokusu isltl renk mineral yag icermez,Nivea,Other
1613.1,703.88,4.5,1,400,-129.17,la roche posay cicaplast baume b5 40ml,La Roche-Posay,Other
219.0,219.0,4.2,78,100,0.0,cream co allk ruj goz far glow tint soft mocha nemlendirici makyaj 504 nude hyaluronik asit peptit,Cream Co,Makyaj
114.23,114.23,4.6,665,600,0.0,urban care twisted curls hibiscus shea butter kvrck ve dalgal saclara ozel durulanmayan bakm kremi 175 ml vegan,URBAN Care,Other
1014.08,299.9,4.4,818,400,-238.14,the purest solutions c vitamini aydnlatc ve cilt tonu esitleyici cilt bakm serumu 30 ml 10 ascorbic acid ferulic acid 0 5,sheer up,Cilt Bakımı
1613.1,323.99,4.3,134,200,-397.89,sheer up yar transparan parlak bitisli nemlendirici ruj,Note Cosmetics,Makyaj
199.0,199.0,4.2,17,148,0.0,note cosmetics flawless lipgloss 03 dried rose nemlendirici etkili parlak ruj pembe,Note Cosmetics,Makyaj
223.6,223.6,4.4,903,238,0.0,golden rose longstay liquid matte lipstick no 37 bulasmayan kalc likit mat ruj,Golden Rose,Makyaj
1613.1,269.9,4.3,127,437,-497.67,note cosmetics bb concealer 03 spf 15 goz alt kapatcs,Note Cosmetics,Makyaj
369.9,369.9,5.0,1,330,0.0,note cosmetics hydramoist lipgloss 07 mellow thought nemlendirici dudak parlatcs pembe,Note Cosmetics,Makyaj
36.66,32.99,4.7,645,300,-11.12,dove beauty cream bar kat guzellik sabunu original nemledirici etkili 90 g,Dove,Cilt Bakımı
99.0,99.0,4.6,146,50,0.0,golden rose emily long lasting lip pencil no 203 uzun sure kalc dudak kalemi,Golden Rose,Makyaj
219.0,219.0,4.3,29,50,0.0,cream co allk ruj goz far glow tint warm peach nemlendirici makyaj 503 seftali hyaluronik asit peptit,Cream Co,Makyaj
249.0,249.0,4.3,556,800,0.0,urban care style guide dogal ve mat gorunum saglayan esnek tutuslu wax 100 ml vegan,URBAN Care,Other
1613.1,341.99,3.9,87,300,-371.68,sheer up yar transparan parlak bitisli nemlendirici ruj,sheer up,Makyaj
689.9,344.95,4.1,153,200,-100.0,cream co cloud moisturizer hassas ciltler icin nemlendirici yuz kremi 50 ml,Cream Co,Cilt Bakımı
555.71,555.71,4.5,11,100,0.0,l oreal paris glotion all in one dogal islt aydnlatc losyon 902 light glow,L'Oreal Paris,Other
50.0,50.0,4.6,4,300,0.0,maybelline new york lash sensational yelpaze etkili intense black maskara ekstra siyah 1 paket 1 x 9 5 ml,Maybelline,Makyaj
880.0,264.0,4.3,804,300,-233.33,the purest solutions leke karst ve leke gorunumu onleyici arbutin cilt bakm serumu 30 ml arbutin 2 hyaluronic acid,The Purest,Cilt Bakımı
215.0,215.0,4.2,148,420,0.0,pastel plump up gloss 202 loverdose dolgunlastrc dudak parlatcs,Pastel,Makyaj
1613.1,550.01,4.4,7,700,-193.29,la roche posay anthelios oil control fluid spf 50 akskan yuz gunes kremi 50 ml,La Roche-Posay,Cilt Bakımı
1613.1,323.99,4.4,113,400,-397.89,sheer up yar transparan parlak bitisli nemlendirici ruj,sheer up,Makyaj
167.9,167.9,4.4,286,372,0.0,pastel cream blush krem allk 42 rosery 3 6 g,Pastel,Makyaj
219.0,219.0,3.9,35,50,0.0,cream co allk ruj goz far glow tint rich berry nemlendirici makyaj 502 bordo hyaluronik asit peptit,Cream Co,Makyaj
1096.67,329.0,4.2,469,300,-233.33,the purest solutions gozenek ve siyah nokta karst sivilce onleyici niacinamide cilt bakm serumu 30 ml niacinamide 5 zinc pca 1,The Purest,Cilt Bakımı
499.0,499.0,4.6,29,400,0.0,maybelline new york instant anti age eraser kapatc 01 light 6 8 ml,Maybelline,Other
519.9,519.9,4.4,2,200,0.0,maybelline new york super lock brow glue kas sabitleyici maskara,Maybelline,Makyaj
215.96,215.96,3.4,5,369,0.0,50 spf korucuyu yuz ve vucut gunes kremi 50 ml,The Purest,Cilt Bakımı
999.8,499.9,4.4,18,200,-100.0,cerave moisturising cream nemlendirici bakm kremi 50 ml,CeraVe,Cilt Bakımı
394.9,394.9,3.5,3,77,0.0,yumusak dokulu dokulme yapmayan 3 renkli goz far triple shadow no 20 vintage coin,L'Oreal Paris,Other
1613.1,323.99,3.9,48,100,-397.89,sheer up yar transparan parlak bitisli nemlendirici ruj,sheer up,Makyaj
910.0,273.0,4.3,518,100,-233.33,the purest solutions aha bha canlandrc cilt tonu esitleyici krmz peeling cilt bakm serumu 30 ml aha 10 bha 2,The Purest,Cilt Bakımı
302.54,302.54,3.6,9,200,0.0,golden rose max hold brow glue seffaf kas sabitleyici jel biotin b5 icerikli,Golden Rose,Makyaj
436.33,130.9,4.7,1,100,-233.33,neutrogena norvec formulu besleyici cok amacl yogun bakm kremi 300 ml,Neutrogena,Other
68.32,68.32,4.4,9,100,0.0,maybelline new york instant anti age eraser kapatc 00 ivory 6 8 ml,Maybelline,Other
469.0,469.0,4.3,905,159,0.0,l oreal paris glow paradise balm in lipstick islt veren ruj 112 pastel exaltation,Pastel,Makyaj
358.75,358.75,4.6,182,100,0.0,l oreal paris yas uzman 65 krsklk karst besleyici krem,L'Oreal Paris,Other
105.0,105.0,4.4,233,306,0.0,golden rose roll on lipgloss 01 strawberry cilek aromal dudak parlatcs,Golden Rose,Makyaj
99.9,99.9,4.3,146,273,0.0,golden rose emily waterproof eye pencil no 101 suya dayankl goz kalemi,Golden Rose,Makyaj
519.9,519.9,4.6,8,87,0.0,maybelline new york lifter gloss nemlendirici dudak parlatcs 003 moon,Maybelline,Makyaj
598.46,598.46,4.4,1,100,0.0,l oreal paris infaillible 24h brow lamination seffaf kas sabitleyici,L'Oreal Paris,Makyaj
387.0,387.0,4.7,2,393,0.0,maybelline new york lifter gloss nemlendirici dudak parlatcs 005 petal,Maybelline,Makyaj
185.0,185.0,4.6,1,227,0.0,golden rose velvet matte lipstick no 34,Golden Rose,Makyaj
359.9,359.9,4.0,1,238,0.0,note cosmetics matte queen lipstick 24 ravishing rose kalc likit ruj nude,Note Cosmetics,Makyaj
239.95,239.95,4.3,102,272,0.0,note cosmetics hydramoist lipgloss 12 magic touch nemlendirici dudak parlatcs isltl,Note Cosmetics,Makyaj
239.95,239.95,4.3,102,471,0.0,note cosmetics hydramoist lipgloss 24 smell of coffee nemlendirici dudak parlatcs nude,Note Cosmetics,Makyaj
717.5,358.75,4.5,114,480,-100.0,l oreal paris yas uzman 50 krsklk karst yenileyici krem,L'Oreal Paris,Other
349.0,349.0,4.1,32,50,0.0,clasy care goz alt kremi morluk ve sislik karst 5 kafein 2 hyaluronik asit krsklk torba ve ince cizgiler icin aydnlatc goz kremi kore esintili goz cevresi kremi 40 ml,CLASYCARE,Other
48.59,43.73,4.7,265,200,-11.11,dove beauty cream bar pink nemlendirici krem 90 g,Dove,Cilt Bakımı
188.95,188.95,4.6,12,163,0.0,l oreal paris revitalift clinical annda aydnlatc c vitamini serum etkili maske,L'Oreal Paris,Cilt Bakımı
623.96,623.96,4.3,332,331,0.0,l oreal paris color riche saten bitisli ruj 570 worth it intense,L'Oreal Paris,Makyaj
926.15,550.01,5.0,4,141,-68.39,missha 48 saat kalc saten fondoten 15ml spf50 radiance perfect fit cushion foundation no 21 fair,L'Oreal Paris,Makyaj
1234.5,246.9,4.2,66,467,-400.0,golden rose nude look perfect matte lips ruj no 01 coral nude,Golden Rose,Makyaj
1613.1,383.39,4.1,40,401,-320.75,kiss me more yuksek pigmentli mat bitisli nemlendirici likit ruj,L'Oreal Paris,Makyaj
164.99,164.99,4.2,379,329,0.0,golden rose glow kiss tinted lip balm no 03 berry pink renkli dudak nemlendiricisi spf15,Golden Rose,Cilt Bakımı
418.0,418.0,4.3,240,153,0.0,maybelline new york sunkisser likit allk 08 shades on,Maybelline,Aksesuar
1613.1,374.99,4.2,143,99,-330.17,baked blush on yuksek pigmentli mat bitisli frnlanms allk,doa kozmetik,Makyaj
330.8,330.8,3.8,47,223,0.0,cream co dudak parlatcs nemlendirici besleyici lip oil gloss dudak yag ahududu aromal e vitamini,Cream Co,Makyaj
80.0,80.0,4.6,33,172,0.0,gabrini eye max eyebrow pencil 4,gabrini,Makyaj
499.0,499.0,4.5,11,301,0.0,l oreal paris glotion all in one dogal islt aydnlatc losyon 904 deep glow,L'Oreal Paris,Other
719.96,719.96,4.1,1,234,0.0,l oreal paris panorama hacim veren maskara koyu kahverengi,L'Oreal Paris,Makyaj
1613.1,114.04,5.0,1,148,-1314.5,pierre cardin staylong lipcolor kissproof uzun sure kalc lipgloss 5 ml chic berry 360,pierre cardin,Makyaj
269.9,269.9,4.2,24,277,0.0,note cosmetics collagen concealer 02 kolajen icerikli spf 20 goz alt kapatcs,Note Cosmetics,Makyaj
268.47,268.47,4.1,1,57,0.0,maybelline new york color sensational powder matte ruj 15 smoky taupe nude,Maybelline,Makyaj
375.15,375.15,5.0,3,449,0.0,missha siyah nokta karst makyaj temizleme yag 100ml super off cleansing oil blackhead off,missha,Other
114.9,114.9,4.4,25,423,0.0,golden rose emily long lasting lip pencil no 211 uzun sure kalc dudak kalemi,Golden Rose,Makyaj
226.06,226.06,4.0,107,120,0.0,golden rose lipstick no 57 nemlendirici etkili kremsi ruj,Golden Rose,Makyaj
117.5,117.5,4.0,42,271,0.0,golden rose dream lips lipliner no 503 mat bitisli yumusak dudak kalemi,Golden Rose,Other
519.9,519.9,4.2,46,141,0.0,maybelline new york lifter gloss honeyd nemlendirici dudak parlatcs 29 toast,Maybelline,Makyaj
174.9,174.9,2.6,3,410,0.0,golden rose brow color tinted eyebrow mascara no 02 light brown fiber icerikli kas maskaras,Golden Rose,Makyaj
1613.1,181.99,4.2,3,383,-786.37,pierre cardin staylong lipcolor kissproof uzun sure kalc lipgloss 5 ml paparazzi pembe 352,pierre cardin,Makyaj
436.0,436.0,4.4,51,494,0.0,l oreal paris color riche intense volume matte ruj 550 nude unapologetic,L'Oreal Paris,Makyaj
199.9,199.9,3.6,10,231,0.0,mara kozmetik imm209 363 sac maskaras ack kumral,Mara kozmetik,Makyaj
571.0,571.0,4.2,2,384,0.0,l oreal paris pro xxl lift cift tarafl maskara kirpik lifting etkisi,L'Oreal Paris,Makyaj
299.0,299.0,3.4,3,355,0.0,clasycare radiant goz cevresi serumu kafein goz serumu hyaluronik asit ve c vitamini ile goz alt morluklar sislik ve ince cizgilere kars etkili tum cilt tipleri icin 50 ml,CLASYCARE,Cilt Bakımı
323.9,323.9,4.0,57,178,0.0,golden rose yumusak ve mat kremsi lipcolor no 106 1 paket,Golden Rose,Other
260.0,260.0,4.2,41,364,0.0,golden rose nude look natural shine lipgloss no 01 nude delight dogal parlak dudak parlatcs,Golden Rose,Makyaj
758.01,758.01,3.9,37,479,0.0,jane iredale hydropure hyaluronic dudak parlatc,jane iredale ,Other
1613.1,359.99,2.4,2,138,-348.1,quality life goz alt morluk torbalanma krsklk koyu halka ve aydnlatc goz cevresi kafein serumu,Quality Life,Cilt Bakımı
1613.1,550.01,4.2,77,192,-193.29,jane iredale beyond matte liquid foundation likit mat fondoten m4 27 ml,jane iredale ,Makyaj
1174.77,411.17,4.3,102,452,-185.71,flormar yagl karma ciltlere ozel parlama onlemeye yardmc spf25 mat bitisli bb krem 003 light,Flormar,Cilt Bakımı
410.0,410.0,5.0,1,279,0.0,doa kozmetik laktik asit aha tonik 10 laktik asit 10 lactic acid,Flormar,Cilt Bakımı
278.0,278.0,2.8,3,479,0.0,pastel eye cream hydrating satin concealer goz kremi goz alt kapatcs 66 deep medium 4 3 ml,Pastel,Makyaj
180.79,180.79,4.3,102,281,0.0,clasycare aydnlatc yuz tonigi hyaluronik asitli nemlendirici leke karst sivilce izleri icin tonik hassas ve yagl ciltler icin nazik bakm gozenek sklastrc cilt urunu 200 ml,Pastel,Cilt Bakımı
280.57,280.57,3.2,6,483,0.0,clasycare kil maskesi gozenek sklastrc ve derinlemesine temizleyici yuz maskesi siyah nokta karst yag dengeleyici nemlendirici dogal icerikli 100 ml,CLASYCARE,Cilt Bakımı
147.67,147.67,4.0,24,205,0.0,show by pastel monochrome eyeshadow 26 sand dunes,Pastel,Makyaj
350.0,350.0,4.3,102,191,0.0,golden rose tattoo gel eyepencil no 104 glitzy brown 24 saat kalc suya dayankl jel goz kalemi,Golden Rose,Makyaj
97.43,97.43,5.0,2,183,0.0,gabrini terracotta blush on allk no 31,Golden Rose,Makyaj
265.93,265.93,4.2,1,354,0.0,maybelline new york master drama lightliner goz kalemi 25 glimmerlight pink metalik ack pembe,Maybelline,Other
449.9,449.9,4.3,102,491,0.0,cream co likit bronzer glow sculpt eclipse kontur notr koyu kahve yuz sekillendirici nemlendirici makyaj,Cream Co,Cilt Bakımı
1613.1,293.07,4.3,170,292,-450.41,water lip stain su bazl kalc dudak renklendiricisi,Cream Co,Other
175.0,175.0,4.3,6,471,0.0,golden rose silky touch compact powder no 08 soft caramel ipeksi skstrlms pudra 12 g,Golden Rose,Other
370.0,370.0,4.3,102,119,0.0,doa kozmetik bha tonik 2 salisilik asit salicylic acid,Golden Rose,Cilt Bakımı
1068.65,550.01,5.0,2,421,-94.3,missha c vitamini icerikli leke karst gunluk yaprak maske vita c plus daily toning mask,doa kozmetik,Cilt Bakımı
440.0,440.0,5.0,1,485,0.0,doa kozmetik retinal 0 025 krem,missha,Other
424.9,424.9,3.9,2,492,0.0,missha yogun esansl kalc sac vucut spreyi 105ml dare body mist fresh grapefruit,doa kozmetik,Other
1613.1,439.99,4.3,102,424,-266.62,pink edt 100 ml kadn parfum niche serisi,missha,Parfüm
589.0,589.0,5.0,1,252,0.0,doa kozmetik retinal 0 05 krem,doa kozmetik,Other
380.0,380.0,5.0,1,66,0.0,doa kozmetik l ascorbic acid serum saf c vitamini serumu,doa kozmetik,Cilt Bakımı
559.0,559.0,4.3,102,419,0.0,doa kozmetik c vitamini 10 serum,doa kozmetik,Cilt Bakımı
276.18,276.18,4.3,102,473,0.0,w lab kozmetik ayak ve trnak bakm spreyi 100 ml,doa kozmetik,Other
210.7,210.7,4.6,1,127,0.0,golden rose velvet matte lipstick no 03 yogun pigmentli kadifemsi mat ruj,Golden Rose,Makyaj
410.0,410.0,4.3,102,423,0.0,doa kozmetik bha yuz ykama jeli,doa kozmetik,Other
319.9,319.9,2.0,8,63,0.0,mara kozmetik french manikur kalemi siyah,Mara kozmetik,Other
523.22,523.22,5.0,1,285,0.0,nivea men erkek deep dimension dus jeli 500 ml derinlemesine temizlik bakml cilt vucut yuz ve sac icin ferah koku aktif karbon 2 paketi,Nivea,Other
185.0,185.0,4.3,102,449,0.0,seyahat kiti 4 lu doldurulabilir sise seti kozmetik kutu 1,doa kozmetik,Aksesuar
94.46,94.46,4.3,102,251,0.0,nascita 2 li mini makyaj sungeri fondoten bb krem,doa kozmetik,Other
356.9,356.9,5.0,2,177,0.0,dogal ve endustriyel kozmetik formulleri,doa kozmetik,Other
21.5,21.5,3.6,14,208,0.0,bee beauty siyah nokta karsiti temizleme bandi aktif karbon icerikli nose pore strips charcoal,bee beauty,Other
119.99,119.99,3.8,15,412,0.0,pelus yumusack makyaj cantas kozmetik organizeri krem,doa kozmetik,Aksesuar
329.99,329.99,4.0,13,196,0.0,seyahat tipi bolmeli makyaj kozmetik cantas organizer mor,doa kozmetik,Aksesuar
789.9,789.9,5.0,2,295,0.0,nivea gunes koruyucu nemlendirici sprey gkf50 200 ml nivea soft 75 ml el kremi,Nivea,Other
1613.1,550.01,4.9,42,146,-193.29,bioworld tuvalet kozmetik seti hello kitty face aop krmz osfa,Nivea,Aksesuar
159.0,159.0,5.0,1,439,0.0,lux kozmetik makyaj cubugu pamuklu kozmetik temizleme cubuklar 80 adet,doa kozmetik,Other
159.0,159.0,4.4,2,340,0.0,welllineseyahat kiti 4 lu doldurulabilir sise seti kozmetik kutu,doa kozmetik,Aksesuar
179.99,179.99,5.0,1,67,0.0,luks lacivert kot makyaj ve kozmetik seyahat cantas,doa kozmetik,Other
38.32,38.32,4.3,102,289,0.0,seyahat sisesi seti 6 parca 5 dolum kab 1 tasma cantas ucak kabin uyumlu dolum siseleri sampuan krem ve kozmetik tasma seti szdrmaz kapakl seffaf cantal krem renk,doa kozmetik,Aksesuar
449.9,449.9,4.4,47,186,0.0,makyaj cantas sert kapakl kozmetik seyahat organizeri cok amacl siyah,doa kozmetik,Aksesuar
329.0,329.0,5.0,4,247,0.0,kozmetik tras aleti,doa kozmetik,Other
179.99,179.99,4.8,22,51,0.0,2 katl makyaj organizeri kozmetik aksesuar duzenleyici kozmetik vitrini duman gri,doa kozmetik,Aksesuar
1613.1,550.01,4.6,719,418,-193.29,shany kozmetik seffaf makyaj cantas omuz askl pro mua yuvarlak canta buyuk,doa kozmetik,Other
1613.1,550.01,4.0,1,414,-193.29,kadn kozmetik el cantas fermuarl love moschino jc5310pp1ik2200a,doa kozmetik,Other
299.9,299.9,3.8,120,231,0.0,av a dos erkek siyah vegan deri tras seyahat kozmetik portfoy bakm el canta gunluk,doa kozmetik,Other
309.99,309.99,3.6,5,232,0.0,eynel seffaf makyaj malzemesi organizer buyuk kristal makyaj masas organizatoru kozmetik duzenleme kutusu guzellik malzemesi duzenleyici cekmeceli model,doa kozmetik,Aksesuar
640.94,640.94,4.6,972,431,0.0,the make up manual your beauty guide for brows eyes skin lips and more,doa kozmetik,Makyaj
449.9,449.9,4.4,47,51,0.0,makyaj cantas sert kapakl kozmetik seyahat organizeri cok amacl mavi,doa kozmetik,Aksesuar
269.99,269.99,3.2,3,388,0.0,3 katl makyaj organizeri kozmetik aksesuar duzenleyici kozmetik vitrini duman gri,doa kozmetik,Aksesuar
1613.1,550.01,4.6,32,222,-193.29,guerlain terracotta matte sculpting powder moyen medium pudra,doa kozmetik,Other
1249.99,550.01,4.3,102,433,-127.27,cotpoly polipropilen kadn makyaj valizi askl kozmetik organizer el valizi sert govdeli seyahat beauty case genis hacimli makyaj cantas siyah,doa kozmetik,Aksesuar
1399.99,550.01,5.0,3,494,-154.54,erkek kozmetik makyaj tras cantas erkek el cantas kahverengi,doa kozmetik,Other
1399.0,550.01,4.3,102,319,-154.36,cotpoly polipropilen kadn makyaj valizi askl kozmetik organizer el valizi sert govdeli seyahat beauty case genis hacimli makyaj cantas su yesili,doa kozmetik,Aksesuar
450.0,450.0,4.6,6,346,0.0,ecoform su gecirmez organizer askl seyahat kozmetik makyaj cantas mint,doa kozmetik,Aksesuar
999.9,550.01,4.6,19,288,-81.8,makyaj seyahat cantas bavul duzenleyici makyaj bavulu canta kozmetik bakm cantas mavi,doa kozmetik,Other
220.0,220.0,4.3,102,51,0.0,seyahat kiti 6 l doldurulabilir sise seti kozmetik kutu,doa kozmetik,Aksesuar
174.99,174.99,4.3,102,180,0.0,hava pompal doldurulabilir vakumlu krem fondoten sv kozmetik urun sisesi,doa kozmetik,Other
159.99,159.99,5.0,1,232,0.0,deri makyaj kozmetik cantas seyahat tipi canta organizer gri,doa kozmetik,Aksesuar
28.23,28.23,4.4,3,153,0.0,afracam mini seffaf cam kavanoz 10 ml hacimli szdrmaz aynal kapakl krem ve kozmetik saklama kutusu lip balm 48 adet,doa kozmetik,Other
179.99,179.99,5.0,3,274,0.0,2 katl makyaj organizeri kozmetik aksesuar duzenleyici kozmetik vitrini yuvarlak zumrut yesil,doa kozmetik,Aksesuar
420.0,420.0,4.2,5,201,0.0,ecoform su gecirmez organizer askl seyahat kozmetik makyaj cantas somon,doa kozmetik,Aksesuar
249.99,249.99,5.0,3,326,0.0,7 bolmeli kapakl makyaj organizeri frca duzenleyici toz gecirmez seffaf kapakl kozmetik kutusu masaustu organizer vizon,doa kozmetik,Aksesuar
1199.5,550.01,4.3,102,84,-118.09,united colors of benetton unisex yetiskin kozmetik cantas siyah seyahat cantas 9 inc,doa kozmetik,Other
1199.5,550.01,4.3,102,466,-118.09,united colors of benetton unisex yetiskin kozmetik cantas mor seyahat cantas 9 inc,doa kozmetik,Other
420.0,420.0,4.3,102,387,0.0,ecoform su gecirmez organizer askl seyahat kozmetik makyaj cantas bordo cicekli,doa kozmetik,Aksesuar
1249.9,550.01,4.0,1,304,-127.25,mypolo bilbao krlmaz pp sifreli makyaj cantas valiz ustu omuz askl kozmetik ve seyahat el valizi rose,doa kozmetik,Other
400.0,400.0,5.0,2,126,0.0,ecoform su gecirmez organizer askl seyahat kozmetik makyaj cantas bordo duz,doa kozmetik,Aksesuar
138.96,138.96,3.9,79,53,0.0,nascita kas makas,doa kozmetik,Other
168.0,168.0,4.0,2,321,0.0,nascita toz sv yapl urunlere uygun renkli dikdortgen makyaj sungeri,doa kozmetik,Other
449.9,449.9,4.4,47,495,0.0,makyaj cantas sert kapakl kozmetik seyahat organizeri pembe,doa kozmetik,Aksesuar
99.99,99.99,5.0,3,72,0.0,makyaj organizeri kozmetik aksesuar duzenleyici kozmetik vitrini duman gri,doa kozmetik,Aksesuar
249.9,249.9,5.0,37,337,0.0,makyaj cantas makeup bag kapitone bakm seyahat kozmetik cantas beyaz pembe,doa kozmetik,Other
159.99,159.99,5.0,1,259,0.0,deri makyaj kozmetik cantas seyahat tipi canta organizer seftali,doa kozmetik,Aksesuar
399.0,399.0,5.0,5,81,0.0,homeniva buyuk boy cekmeceli kozmetik makyaj malzemeleri organizeri,doa kozmetik,Aksesuar
99.99,99.99,4.3,102,178,0.0,makyaj organizeri kozmetik aksesuar duzenleyici kozmetik vitrini yuvarlak zumrut yesil,doa kozmetik,Aksesuar
313.17,313.17,4.3,102,383,0.0,el tutmal buyuk boy mavi seffaf tatil plaj kozmetik makyaj ve bakm cantas,doa kozmetik,Other
350.0,350.0,1.0,1,421,0.0,ecoform su gecirmez organizer seyahat kozmetik makyaj cantas lacivert,doa kozmetik,Aksesuar
269.99,269.99,4.0,1,298,0.0,3 katl makyaj organizeri kozmetik aksesuar duzenleyici kozmetik vitrini yuvarlak duman gri,doa kozmetik,Aksesuar
425.0,425.0,4.0,2,393,0.0,seffaf cift bolmeli seyahat kozmetik makyaj cantas 30 22 16 cm ebatlarinda,doa kozmetik,Other
299.9,299.9,3.8,8,361,0.0,makyaj cantas kozmetik duzenleyici seyahat tipi deri gorunumlu seffaf organizer 24 18 11 cm eflatun,doa kozmetik,Aksesuar
350.0,350.0,4.3,102,209,0.0,ecoform su gecirmez organizer seyahat kozmetik makyaj cantas gri,doa kozmetik,Aksesuar
420.0,420.0,5.0,2,298,0.0,ecoform su gecirmez organizer askl seyahat kozmetik makyaj cantas kahverengi,doa kozmetik,Aksesuar
249.9,249.9,5.0,37,178,0.0,makyaj cantas makeup bag kapitone bakm seyahat kozmetik cantas yesil,doa kozmetik,Other
34.98,34.98,4.4,3,396,0.0,afracam mini amber cam kavanoz 10 ml hacimli szdrmaz kapakl krem ve kozmetik saklama kutusu lip balm 6 adet,doa kozmetik,Other
340.0,340.0,2.0,3,259,0.0,ecoform su gecirmez organizer seyahat kozmetik makyaj cantas pembe kiraz desenli,doa kozmetik,Aksesuar
340.0,340.0,4.3,102,162,0.0,ecoform su gecirmez organizer seyahat kozmetik makyaj cantas somon,doa kozmetik,Aksesuar
185.0,185.0,4.3,102,250,0.0,cantal seyahat seti renkli seffaf doldurulabilir sise ve krem kab ucak ve el bagaj uyumlu,doa kozmetik,Aksesuar
54.98,54.98,4.8,5,155,0.0,afracam 50 ml cam kozmetik kavanoz seffaf 50 cc yass krem kavanozu metal gumus kapakl 6 adet,doa kozmetik,Other
400.0,400.0,4.5,2,415,0.0,ecoform su gecirmez organizer askl seyahat kozmetik makyaj cantas turuncu,doa kozmetik,Aksesuar
1499.0,550.01,4.3,102,434,-172.54,su gecirmez makyaj cantas sert kasa kilitli kozmetik valizi darbeye dayankl seyahat cantas organizer 30x23x16 cm ay desenli ekru,doa kozmetik,Aksesuar
504.9,504.9,4.3,102,381,0.0,streak seyahat makyaj kozmetik cantas tasnabilir canta organizatoru cok fonksiyonlu pembe,doa kozmetik,Other
549.0,549.0,4.3,102,241,0.0,seyahat el cantas siyah tras kozmetik canta,doa kozmetik,Other
450.0,450.0,4.1,5,62,0.0,ecoform su gecirmez organizer askl seyahat kozmetik makyaj cantas gri,doa kozmetik,Aksesuar
399.9,399.9,3.0,3,79,0.0,wiforte seffaf makyaj cantas makyaj malzemesi duzenleyici sutyen ve ic camasr organizeri kozmetik malzemesi saklama cantas yesil,doa kozmetik,Aksesuar
590.0,590.0,3.9,6,456,0.0,boldy erkek kozmetik cantas tras cantas seyahat cantas makyaj cantas tras el cantas handbag,doa kozmetik,Other
399.0,399.0,4.3,102,203,0.0,deri erkek bakm cantas seyahat organizeri tras cantas kisisel bakm ve kozmetik duzenleyici fermuarl genis hacimli dopp kit siyah,doa kozmetik,Aksesuar
199.0,199.0,3.3,3,338,0.0,arnee beyaz yumusak koyun tuyu pelus makyaj cantas kucuk kozmetik cantas kahverengi,doa kozmetik,Other
399.0,399.0,4.3,102,387,0.0,deri erkek bakm cantas seyahat organizeri tras cantas kisisel bakm ve kozmetik duzenleyici fermuarl genis hacimli dopp kit kahverengi,doa kozmetik,Aksesuar
690.0,690.0,4.3,102,403,0.0,boldy erkek kozmetik cantas tras cantas seyahat cantas makyaj cantas tras cantas el cantas handbag,doa kozmetik,Other
299.9,299.9,5.0,2,161,0.0,meapuff 50 li set 20x30 cm su gecirmez kozmetik ve plaj cantas,doa kozmetik,Aksesuar
75.25,75.25,1.0,1,382,0.0,4 parca seffaf banyo ve makyaj cantas seti antrasit gri banyo lifi orgulu srt kesesi ve el havlusu su gecirmez unisex seyahat organizeri washbag,doa kozmetik,Aksesuar
999.9,550.01,4.3,102,262,-81.8,erkek hakiki deri portfoy clutch tras bakm kozmetik cantas ve gunluk el cantas dopp kit kahverengi,doa kozmetik,Aksesuar
185.9,185.9,4.4,4,321,0.0,potikareli keten ykanabilir ctct detayl kadnlar icin ped cantas mini kozmetik makyaj cantas ped kesesi cuzdan kartlk yesil,doa kozmetik,Other
298.9,298.9,4.3,102,252,0.0,4 adet ic ice gecen fermuarl tak makyaj cantas seti organize canta kucuk ozel kisisel esya 4 lu canta seti,doa kozmetik,Aksesuar
1249.9,550.01,4.0,1,162,-127.25,mypolo bilbao krlmaz pp sifreli makyaj cantas valiz ustu omuz askl kozmetik ve seyahat el valizi kemik,doa kozmetik,Other
472.39,472.39,4.4,34,350,0.0,ata home makyaj tak ve bakm urunleri organizeri raf stand buyuk boy makyaj organizeri iki katl cok amacl duzenleyici saklama seti,doa kozmetik,Aksesuar
348.0,348.0,5.0,2,427,0.0,pastel nude ruj nude ruj 528 4 3 g,doa kozmetik,Makyaj
1613.1,550.01,4.4,8,600,-193.29,vichy dercos energisant dokulme karst bakm sampuan,Pastel,Other
918.0,459.0,3.6,8,350,-100.0,sac dokulmesine kars gelistirilmis patentli icerige sahip serum procapil biotin apigenin erkek ve kadnlar icin yeni sac olusumunu destekler 50 ml,dercos,Cilt Bakımı
96.47,96.47,4.2,4,162,0.0,golden rose ice color nail lacquer no 228 parlak bitisli mini oje 6 ml,Golden Rose,Other
1613.1,550.01,4.1,58,166,-193.29,flormar hero volume curl ince ve seyrek kirpikler icin hacim ve kvrm veren kl frcal maskara no 000 8682536022804 3 paketi,Flormar,Makyaj
79.99,79.99,4.2,3,352,0.0,pierre cardin color travel nails 105 150 gr,Flormar,Other
590.0,590.0,4.3,102,137,0.0,aputue makyaj frcas seti 8 parca seyahat kozmetik frca seti pu cantal mini boy tasnabilir yumusak fondoten allk goz far yuz ve dudak frcalar kzlar ve kadnlar icin fildisi rengi,pierre cardin,Aksesuar
875.0,350.0,4.1,234,438,-150.0,urban care hacimlendirici kuru sampuan it s so high 200 ml vegan 2 paketi,URBAN Care,Other
168.39,168.39,4.3,102,268,0.0,golden rose keratin nail color glitter no 409 keratin icerikli guclendirici parlak oje,Golden Rose,Other
1039.9,519.95,5.0,2,468,-100.0,diarossa w033 narcisim for her dan esinlenilmis koku ikizi 50ml edp kadn parfumu,Golden Rose,Parfüm
99.0,99.0,4.4,3,228,0.0,golden rose color expert nail lacquer no 77 genis frcal oje 10 2 ml,Golden Rose,Other
710.88,550.01,4.4,35,66,-29.25,urban care expert no 6 biotin caffeine dokulme karst sac bakm serumu 50 mililitre vegan 3 paketi,URBAN Care,Cilt Bakımı
33.0,33.0,1.0,1,442,0.0,golden rose wow nail color no 91 parlak bitisli mini oje 6 ml,Golden Rose,Other
1613.1,610.0,3.6,3,476,-164.44,minevital cherry nefes alan oje breathable water permeable 15 ml 04,Golden Rose,Other
99.0,99.0,5.0,1,218,0.0,golden rose color expert nail lacquer no 13 genis frcal oje 10 2 ml,Golden Rose,Other
611.16,611.16,4.3,102,381,0.0,cok bolmeli tasarml asl tuvalet cantas kuru ve islak ayrma icin su gecirmez seyahat kozmetik duzenleyici kancal katlanabilir banyo saklama kutusu koyu mavi,doa kozmetik,Other
447.34,447.34,4.5,36,207,0.0,garnier hydra bomb kagt maske 6 paketi,Garnier,Cilt Bakımı
1019.1,550.01,4.7,28,360,-85.29,nascita magical curl sac frcas 53 3 paketi,doa kozmetik,Other
1128.93,550.01,4.2,43,492,-105.26,the purest solutions exfoliating salicylic acid cleanser temizleyici 400 ml 2li paket,The Purest,Cilt Bakımı
850.0,550.01,4.3,119,350,-54.54,l oreal paris true match pudra 6 5 d 6 5 w golden toffee,The Purest,Other
499.9,499.9,4.5,3,67,0.0,golden rose soft color matte mono eyeshadow no 11 1 paket,Golden Rose,Makyaj
139.95,139.95,2.9,2,455,0.0,nascita pro faux takma kirpik,Golden Rose,Other
103.03,103.03,5.0,1,312,0.0,golden rose wow nail color no 98 parlak bitisli mini oje 6 ml,Golden Rose,Other
544.0,544.0,4.4,225,309,0.0,l oreal paris yas uzman 40 krsklk karst sklastrc krem 3 paketi,Golden Rose,Other
1065.3,550.01,4.5,82,383,-93.69,nascita magical curl sac frcas 54 3 paketi,doa kozmetik,Other
287.35,287.35,3.7,3,122,0.0,clasycare onarc gozenek sklastrc yuz temizleme jeli hassas ve karma ciltler icin nazik nemlendirici yuz temizleyici gunluk yuz ykama ve makyaj temizleyici 200 ml,CLASYCARE,Other
1613.1,299.0,4.1,31,382,-439.5,mood booster hafif yapl kremsi dokulu likit aydnlatc,doa kozmetik,Aksesuar
960.96,550.01,3.5,12,403,-74.72,nascita magical curl pembe sac frcas 58 3 paketi,doa kozmetik,Other
1438.8,719.4,5.0,2,228,-100.0,illusione ambre edp kadn parfum 50ml amber paculi gul bergamot sedir karanfil vetiver,doa kozmetik,Parfüm
664.75,265.9,3.6,4,427,-150.0,mecitefendi zeytin sampuan 400 ml,doa kozmetik,Other
503.96,503.96,4.1,288,443,0.0,maybelline new york super stay teddy tint uzun sure kalc likit mat tint 25 baby tee 2 paketi,Maybelline,Aksesuar
656.02,550.01,4.3,1,91,-19.27,maybelline new york the colossal big shot daring black maskara ekstra siyah 2 paketi,Maybelline,Makyaj
1499.5,550.01,4.6,15,404,-172.63,the purest solutions hassas ciltler icin arndrc ve aydnlatc pha pembe tonik 3 paketi,The Purest,Cilt Bakımı
569.95,550.01,4.4,236,169,-3.63,l oreal paris glow paradise balm in lipstick islt veren ruj 191 nude heaven 2 paketi,The Purest,Makyaj
899.0,550.01,4.4,954,175,-63.45,maybelline new york super stay matte ink likit mat ruj 15 lover pembe,Maybelline,Makyaj
1613.1,735.0,4.6,295,95,-119.47,nivea yaslanma karst yuz kremi 100 ml 24 saat nemlendirici yuz kremi uv korumas 3 paketi,Nivea,Other
1613.1,199.5,4.3,102,159,-708.57,illusione ambre edp kadn seyahat boy parfum 10ml amber paculi gul bergamot sedir karanfil vetiver,doa kozmetik,Parfüm
451.14,451.14,4.5,5,306,0.0,maybelline new york lifter gloss nemlendirici dudak parlatcs 004 silk 2 paketi,Maybelline,Makyaj
949.9,550.01,4.3,102,419,-72.71,luks hakiki deri makyaj cantas genis ic hacimli fonksiyonel kozmetik duzenleyici ve seyahat cantas sk el yapm organizer,doa kozmetik,Aksesuar
176.9,176.9,3.8,19,193,0.0,golden rose matte lipstick crayon no 15 besleyici nemlendirici mat kalem ruj,Golden Rose,Makyaj
243.0,243.0,4.4,903,473,0.0,golden rose longstay liquid matte lipstick no 05 bulasmayan kalc likit mat ruj,Golden Rose,Makyaj
499.99,499.99,4.3,102,179,0.0,turuncu cicek desenli makyaj cantas mavi zemin uzerine kozmetik organizator fermuarl seyahat cantas mor,doa kozmetik,Other
239.9,239.9,4.4,44,427,0.0,note cosmetics drop highlighter 01 pearl rose isltl likit aydnlatc,Note Cosmetics,Aksesuar
144.9,144.9,4.2,128,297,0.0,golden rose matte lipstick crayon no 20 besleyici nemlendirici mat kalem ruj,Golden Rose,Makyaj
1613.1,399.99,4.3,102,404,-303.29,angel edt 100 ml kadn parfum,doa kozmetik,Parfüm
1613.1,399.99,4.3,102,321,-303.29,noire edt 100 ml kadn spray parfum,doa kozmetik,Parfüm
1613.1,399.99,4.3,102,492,-303.29,love edt 100 ml kadn parfum,doa kozmetik,Parfüm
67.73,67.73,4.3,102,256,0.0,4 parca seffaf makyaj ve banyo cantas seti mavi banyo lifi srt kesesi ve mikrofiber el havlusu su gecirmez seyahat tipi kozmetik organizeri,doa kozmetik,Aksesuar
225.0,225.0,4.5,6,230,0.0,vaseline lip therapy rose dudak bakm kremi 20 g,vaseline,Other
1195.0,239.0,4.6,2,475,-400.0,vaseline lip balm therapy jel aloe vera 20gr,vaseline,Other
228.0,228.0,4.7,7,275,0.0,vaseline lip therapy dudak koruyucu cocoa 20 gr,vaseline,Other
